1	HP Laptop 
2	3BHK is available in Holmes area
3	Honda CRV has an rpm of 1000
4	Lenevo Laptop	
5	fully furnished flat in Overland park
6	Toyota has well equipped Stereophonic sound
7	Samsung TV		
8	1BHK furnished flat for sale
9	Maruti has excellent mileage
10	Apple 10"" Laptop
11	flat for sale
12	Toyota has excellent Stereophonic sound
13	Dell 15"" Laptop
14	Duplex House for sale
15	Hyundai has excellent tyres
16	Apple 14"" Laptop
17	4BHK furnished flat for sale
18	CRV has mileage of 20 km/lit
19	Dell 15" Laptop
20	Fully furnished Duplex flat for sale
21	Toyota has excellent rpm
22	Lenevo 8GB Laptop
23	5BHK for sale
24	Maruti has excellent tyres 
25	Apple 8GB Laptop
26	Duplex flat for sale
27	Maruti has excellent mileage
28	Samsung 4GB Laptop
29	1BHK fully furnished flat for sale
30	Maruti has excellent mileage
31	HP Laptop 
32	3BHK is available in Holmes area
33	Honda CRV has an rpm of 1000
34	Lenevo Laptop	
35	fully furnished flat in Overland park
36	Toyota has well equipped Stereophonic sound
37	Samsung TV		
38	1BHK furnished flat for sale
39	Maruti has excellent mileage
40	Apple 10"" Laptop
41	flat for sale
42	Toyota has excellent Stereophonic sound
43	Dell 15"" Laptop
44	Duplex House for sale
45	Hyundai has excellent tyres
46	Apple 14"" Laptop
47	4BHK furnished flat for sale
48	CRV has mileage of 20 km/lit
49	Dell 15" Laptop
50	Fully furnished Duplex flat for sale
51	Toyota has excellent rpm
52	Lenevo 8GB Laptop
53	5BHK for sale
54	Maruti has excellent tyres 
55	Apple 8GB Laptop
56	Duplex flat for sale
57	Maruti has excellent mileage
58	Samsung 4GB Laptop
59	1BHK fully furnished flat for sale
60	Maruti has excellent mileage
61	HP Laptop 
62	3BHK is available in Holmes area
63	Honda CRV has an rpm of 1000
64	Lenevo Laptop	
65	fully furnished flat in Overland park
66	Toyota has well equipped Stereophonic sound
67	Samsung TV		
68	1BHK furnished flat for sale
69	Maruti has excellent mileage
70	Apple 10"" Laptop
71	flat for sale
72	Toyota has excellent Stereophonic sound
73	Dell 15"" Laptop
74	Duplex House for sale
75	Hyundai has excellent tyres
76	Apple 14"" Laptop
77	4BHK furnished flat for sale
78	CRV has mileage of 20 km/lit
79	Dell 15" Laptop
80	Fully furnished Duplex flat for sale
81	Toyota has excellent rpm
82	Lenevo 8GB Laptop
83	5BHK for sale
84	Maruti has excellent tyres 
85	Apple 8GB Laptop
86	Duplex flat for sale
87	Maruti has excellent mileage
88	Samsung 4GB Laptop
89	1BHK fully furnished flat for sale
90	Maruti has excellent mileage


