Electronics	1	HP Laptop 
RealEstate	2	3BHK is available in Holmes area
Car	3	Honda CRV has an rpm of 1000
Electronics	4	Lenevo Laptop	
RealEstate	5	Sale in Overland park
Car	6	Toyota has well equipped Stereophonic sound
Electronics	7	Samsung TV		
RealEstate	8	1BHK furnished flat for sale
Car	9	Maruti has excellent mileage
Electronics	10	Apple 10"" Laptop
RealEstate	11	flat for sale
Car	12	Toyota has excellent Stereophonic sound
Electronics	13	8GB
RealEstate	14	Duplex House for sale
Car	15	Hyundai is an excellent car
Electronics	16	Apple 14"" Laptop
RealEstate	17	4BHK furnished flat for sale
Car	18	CRV has mileage of 20 km/lit
Electronics	19	Dell 15" Laptop
RealEstate	20	Fully furnished Duplex flat for sale
Car	21	Toyota has excellent rpm
Electronics	22	Lenevo 8GB Laptop
RealEstate	23	5BHK for sale
Car	24	Maruti has excellent tyres 
Electronics	25	Apple 8GB Laptop
RealEstate	26	Duplex flat for sale
Car	27	Maruti has excellent mileage
Electronics	28	Samsung 4GB Laptop
RealEstate	29	1BHK fully furnished flat for sale
Car	30	Maruti has excellent mileage
Electronics	31	HP Laptop 
RealEstate	32	3BHK is available in Holmes area
Car	33	Honda CRV has an rpm of 1000
Electronics	34	Lenevo Laptop	
RealEstate	35	fully furnished flat in Overland park
Car	36	Toyota has well equipped Stereophonic sound
Electronics	37	Samsung TV		
RealEstate	38	1BHK furnished flat for sale
Car	39	Maruti has excellent mileage
Electronics	40	Apple 10"" Laptop
RealEstate	41	flat for sale
Car	42	Toyota has excellent Stereophonic sound
Electronics	43	Dell 15"" Laptop
RealEstate	44	Duplex House for sale
Car	45	Hyundai has excellent tyres
Electronics	46	Apple 14"" Laptop
RealEstate	47	4BHK furnished flat for sale
Car	48	CRV has mileage of 20 km/lit
Electronics	49	Dell 15" Laptop
RealEstate	50	Fully furnished Duplex flat for sale
Car	51	Toyota has excellent rpm
Electronics	52	Lenevo 8GB Laptop
RealEstate	53	5BHK for sale
Car	54	Maruti has excellent tyres 
Electronics	55	Apple 8GB Laptop
RealEstate	56	Duplex flat for sale
Car	57	Maruti has excellent mileage
Electronics	58	Samsung 4GB Laptop
RealEstate	59	1BHK fully furnished flat for sale
Car	60	Maruti has excellent mileage
Electronics	61	HP Laptop 
RealEstate	62	3BHK is available in Holmes area
Car	63	Honda CRV has an rpm of 1000
Electronics	64	Lenevo Laptop	
RealEstate	65	fully furnished flat in Overland park
Car	66	Not goood
Electronics	67	TV		
RealEstate	68	independent house
Car	69	hello
Electronics	70	Apple 10"" Laptop
RealEstate	71	flat for sale
Car	72	Hey
Electronics	73	Laptop
RealEstate	74	ccccc
Car	75	bbbb
Electronics	76	aaaaa
RealEstate	77	Halo
Car	78	Not bad
Electronics	79	Got a good one
RealEstate	80	Helooo
Car	81	Lumborgingi is very fast
Electronics	82	8GB sale
RealEstate	83	House sale
Car	84	Zen is very good 
Electronics	85	Apple has 8GB
RealEstate	86	Independent Duplex flat for sale
Car	87	Den is stylish
Electronics	88	Samsung has good screen
RealEstate	89	flat for sale
Car	90	Maruti is excellent 


